train_loss,balanced_accuracy,dataset_id
0.7936100959777832,0.4444444444444445,171
1.178819179534912,0.26666666666666666,546
1.4256725311279297,0.3528265107212476,519
1.3175958395004272,0.18790849673202617,471
1.3028448820114136,0.20642701525054466,471
1.589852213859558,0.25985221674876846,1030
3.3245553970336914,0.4222222222222222,171
1.710509181022644,0.3255360623781676,519
0.8973510265350342,0.645897435897436,181
1.1517478227615356,0.4791666666666667,171
0.7699012756347656,0.638888888888889,478
1.1525322198867798,0.1503623188405797,1549
2.224247694015503,0.24078947368421053,546
1.4963428974151611,0.20789473684210524,546
1.1225757598876953,0.22675438596491226,546
1.6902469396591187,0.17508210180623976,550
1.0212644338607788,0.5763888888888888,478
1.2619686126708984,0.4354166666666666,171
1.6815364360809326,0.1691297208538588,550
2.468522548675537,0.1775599128540305,471
0.7595295906066895,0.6180555555555556,478
1.600003957748413,0.21387520525451562,469
1.3919963836669922,0.5605128205128205,181
1.7388114929199219,0.24178981937602628,1030
2.4671154022216797,0.2192982456140351,546
1.588967204093933,0.2807017543859649,519
1.5853989124298096,0.23111658456486042,469
1.7002193927764893,0.18616584564860428,550
0.8392564654350281,0.5902777777777778,478
1.5044775009155273,0.13180827886710236,471
1.4890650510787964,0.15958605664488015,471
1.753387689590454,0.1557881773399015,209
1.3900645971298218,0.4597222222222222,171
0.7329205274581909,0.5972222222222222,478
1.6768910884857178,0.3006978653530378,1030
0.5738103985786438,0.7916666666666666,18
1.6623002290725708,0.3006978653530378,1030
1.7467684745788574,0.18041871921182265,550
1.6783186197280884,0.15537766830870278,209
1.0609792470932007,0.47680623973727426,504
1.5596981048583984,0.4861538461538461,181
1.746697187423706,0.18245614035087718,546
1.5547629594802856,0.27144249512670565,519
0.8884835243225098,0.6481481481481481,307
1.3182909488677979,0.7288587848932676,18
19.72325897216797,0.1488526570048309,1549
1.5191830396652222,0.1862745098039216,471
1.6121513843536377,0.2998768472906404,1030
1.5099804401397705,0.3230994152046784,519
1.7464090585708618,0.21754385964912282,546
1.7455732822418213,0.21754385964912282,546
1.3364851474761963,0.5499999999999999,181
1.6825017929077148,0.20792282430213463,469
1.4578843116760254,0.15795206971677558,471
1.4398709535598755,0.15795206971677558,471
2.4973764419555664,0.5942118226600984,18
0.767227053642273,0.638888888888889,478
1.1787954568862915,0.568974358974359,181
1.738290548324585,0.2087719298245614,546
1.4424593448638916,0.3698830409356724,519
1.601892113685608,0.2651888341543514,1030
1.7342474460601807,0.243859649122807,546
1.630020022392273,0.2261904761904762,469
1.7805466651916504,0.14221014492753623,1549
1.6128238439559937,0.2547208538587849,469
0.9248996376991272,0.5617283950617283,307
1.5892918109893799,0.27729885057471265,1030
1.5806196928024292,0.23173234811165844,469
1.247915506362915,0.4159722222222222,171
1.3468178510665894,0.1508714596949891,471
1.7869004011154175,0.20197044334975367,550
0.9588293433189392,0.6712820512820513,181
1.2878139019012451,0.14106753812636166,471
1.115578293800354,0.47083333333333327,171
1.4310150146484375,0.36208576998050673,519
1.2443020343780518,0.19662309368191722,471
0.7742784023284912,0.6172839506172839,307
2.6128089427948,0.17261904761904764,209
0.8462734222412109,0.548611111111111,478
1.4270216226577759,0.35233918128654973,519
1.7844973802566528,0.18629227053140096,1549
1.2240948677062988,0.18681917211328977,471
0.9126876592636108,0.6325641025641026,181
1.723894715309143,0.1929392446633826,550
1.348447322845459,0.45381773399014774,504
1.4303526878356934,0.3606237816764133,519
0.9591537714004517,0.5013888888888889,171
0.5860949158668518,0.6481481481481481,307
1.6947382688522339,0.2267543859649123,546
1.6984596252441406,0.17528735632183903,550
1.1690982580184937,0.1977124183006536,471
1.6883236169815063,0.17508210180623973,550
1.6827819347381592,0.16358784893267653,550
1.9729737043380737,0.21387520525451556,469
1.5836207866668701,0.2779146141215107,1030
0.5071954727172852,0.6851851851851851,307
1.786379337310791,0.180623973727422,209
1.4316307306289673,0.3523391812865497,519
1.2488584518432617,0.39655172413793105,504
0.853929340839386,0.4784722222222222,171
1.690453052520752,0.1510673234811166,550
0.9100291132926941,0.6264102564102564,181
1.6790026426315308,0.1625615763546798,550
2.1135001182556152,0.37561576354679804,18
1.6691473722457886,0.1625615763546798,550
1.667915940284729,0.1625615763546798,550
1.6508066654205322,0.20087719298245613,546
1.4217126369476318,0.35282651072124754,519
1.1678073406219482,0.21623093681917216,471
1.4201682806015015,0.3435672514619883,519
1.772459626197815,0.19745484400656813,209
1.6279634237289429,0.22719298245614036,546
0.8717908263206482,0.548611111111111,478
1.1860249042510986,0.18736383442265794,471
0.6947806477546692,0.6458333333333334,478
0.6333133578300476,0.638888888888889,478
1.7641712427139282,0.33600164203612476,18
0.8033284544944763,0.4583333333333333,171
1.7574089765548706,0.18596059113300492,209
0.7379634380340576,0.4680555555555556,171
1.1430176496505737,0.20642701525054466,471
1.4295783042907715,0.3718323586744639,519
1.421195387840271,0.3801169590643274,519
1.052656650543213,0.1977124183006536,471
1.705039381980896,0.17467159277504105,550
2.2566587924957275,0.5694444444444445,478
0.973921000957489,0.4222222222222222,171
1.551871418952942,0.23464912280701755,546
1.3128288984298706,0.4595648604269294,504
1.1024751663208008,0.46551724137931044,504
0.7076468467712402,0.638888888888889,478
0.7136012315750122,0.611111111111111,478
0.8901795148849487,0.4548611111111111,171
0.7402122020721436,0.611111111111111,478
1.6868287324905396,0.15722495894909685,550
0.680198073387146,0.7283950617283951,307
1.4578860998153687,0.3563218390804597,504
1.7400143146514893,0.37397372742200324,18
0.49491867423057556,0.6790123456790124,307
1.71128249168396,0.16830065359477123,471
1.7823269367218018,0.16425120772946858,1549
1.7585968971252441,0.180623973727422,209
1.7568570375442505,0.17487684729064037,209
1.7842015027999878,0.24178981937602628,469
1.781492829322815,0.17179951690821257,1549
1.6777323484420776,0.16871921182266006,550
1.712886095046997,0.4427339901477832,18
1.7455922365188599,0.18616584564860425,209
1.6743974685668945,0.1744663382594417,550
1.6919350624084473,0.4770114942528736,18
1.67214035987854,0.18021346469622332,550
1.7402410507202148,0.1857553366174056,209
1.5969021320343018,0.2545155993431856,1030
1.0623401403427124,0.5987654320987654,307
1.8945573568344116,0.1982570806100218,471
1.5539246797561646,0.25633528265107214,519
0.9471367597579956,0.45972222222222214,171
1.248892903327942,0.47222222222222215,478
1.0929805040359497,0.5,478
1.5155587196350098,0.2350877192982456,546
1.7785252332687378,0.1636473429951691,1549
1.469273567199707,0.36939571150097467,519
1.7008997201919556,0.21284893267651891,469
1.697494626045227,0.21880131362889985,469
1.6911882162094116,0.21305418719211824,469
1.6777070760726929,0.15701970443349755,550
0.9825506210327148,0.5679012345679012,307
0.9795200228691101,0.6397435897435898,181
0.8870323896408081,0.6419753086419753,307
1.5439997911453247,0.5172413793103449,18
0.7705557346343994,0.45763888888888893,171
0.7373543977737427,0.4465277777777778,171
1.501400113105774,0.25263157894736843,546
1.4925799369812012,0.243859649122807,546
1.4600211381912231,0.37475633528265107,519
1.580562710762024,0.2167755991285403,471
1.448961615562439,0.2614035087719298,546
0.8937113285064697,0.6197435897435897,181
1.5939751863479614,0.26067323481116583,1030
1.351201057434082,0.5277777777777777,478
1.7745295763015747,0.15458937198067632,1549
0.8836385011672974,0.6328205128205129,181
1.506914734840393,0.22657952069716777,471
1.4346215724945068,0.3732943469785575,519
1.4633979797363281,0.23692810457516342,471
1.4305610656738281,0.26416122004357295,471
0.87701416015625,0.6328205128205128,181
1.6334861516952515,0.20258620689655174,469
1.7519997358322144,0.19745484400656813,209
0.8972397446632385,0.611111111111111,307
1.417142391204834,0.35282651072124754,519
1.4534859657287598,0.395935960591133,504
1.4207518100738525,0.395935960591133,504
1.5994857549667358,0.22023809523809523,469
1.7700878381729126,0.1693840579710145,1549
1.070504903793335,0.4680555555555556,171
0.5849248766899109,0.6481481481481481,307
0.6792759299278259,0.45694444444444443,171
0.5643726587295532,0.6666666666666666,307
1.7675960063934326,0.16243961352657008,1549
1.5765385627746582,0.22003284072249588,469
1.614062786102295,0.2660098522167488,1030
1.3738055229187012,0.20697167755991286,471
1.423376441001892,0.3499025341130604,519
1.212911605834961,0.21568627450980396,471
1.7337656021118164,0.2025862068965517,209
1.3529068231582642,0.2526315789473684,546
1.7619038820266724,0.16243961352657008,1549
1.7297459840774536,0.19704433497536944,209
1.2770026922225952,0.2605263157894737,546
1.725894570350647,0.20279146141215107,209
1.2449383735656738,0.26842105263157895,546
1.6792908906936646,0.174055829228243,550
1.3634819984436035,0.23366013071895428,471
1.216049313545227,0.22543859649122808,546
1.7207473516464233,0.18555008210180624,209
1.609897494316101,0.22430555555555554,171
1.4463201761245728,0.29097222222222224,171
1.2378344535827637,0.20642701525054472,471
1.5723820924758911,0.2489737274220033,1030
1.2833130359649658,0.39166666666666666,171
1.1545946598052979,0.2069716775599129,471
1.4275939464569092,0.3723196881091619,519
0.9287416934967041,0.64,181
1.1629515886306763,0.19868421052631577,546
0.6282541751861572,0.6975308641975309,307
1.6830130815505981,0.1568144499178982,550
1.324539065361023,0.43678160919540227,504
0.980011522769928,0.5624999999999999,478
0.8703423738479614,0.6325641025641026,181
1.1121773719787598,0.18790849673202617,471
1.6702908277511597,0.15681444991789817,550
1.1694990396499634,0.5862068965517242,18
1.0799171924591064,0.23421052631578945,546
0.9910904765129089,0.22549019607843138,471
1.056370735168457,0.2425438596491228,546
1.4302257299423218,0.32358674463937614,519
0.9564999938011169,0.21623093681917213,471
0.9347258806228638,0.648148148148148,307
1.1992313861846924,0.4304187192118227,504
1.2631852626800537,0.42777777777777776,171
1.161095380783081,0.43616584564860433,504
1.163711428642273,0.4388888888888889,171
1.4096870422363281,0.3703703703703704,519
1.0606189966201782,0.5051313628899835,504
0.9834036231040955,0.47152777777777777,171
1.0528497695922852,0.17412280701754387,546
1.5464119911193848,0.22003284072249588,469
1.6665292978286743,0.13936781609195403,550
0.7247309684753418,0.756568144499179,18
0.9001498818397522,0.6323076923076922,181
0.977294921875,0.2151416122004357,471
0.8696075081825256,0.6325641025641026,181
0.6548119783401489,0.654320987654321,307
1.4185619354248047,0.34405458089668617,519
0.8591465950012207,0.6397435897435897,181
1.4031425714492798,0.3703703703703704,519
0.82041335105896,0.4791666666666667,171
0.8689680099487305,0.6528205128205128,181
1.0591830015182495,0.5285303776683087,504
1.6550359725952148,0.16871921182266011,550
0.8545020818710327,0.6523076923076924,181
0.4825585186481476,0.7160493827160493,307
1.5955437421798706,0.30480295566502463,1030
1.7423979043960571,0.16183574879227056,1549
1.1269402503967285,0.4770114942528736,504
1.377450942993164,0.1977124183006536,471
0.4258376359939575,0.6975308641975309,307
0.9589098691940308,0.5172413793103449,504
0.9283085465431213,0.5344827586206896,504
0.38891366124153137,0.7222222222222222,307
1.288140058517456,0.7325533661740558,18
0.8650120496749878,0.6387179487179487,181
1.7324330806732178,0.16998792270531402,1549
1.587734580039978,0.22023809523809526,469
1.2301002740859985,0.2053376906318083,471
1.1905851364135742,0.19607843137254902,471
1.904733657836914,0.24210526315789474,546
0.7656639218330383,0.7003284072249589,18
1.346032738685608,0.3548611111111111,171
1.7385371923446655,0.215311986863711,209
1.0439720153808594,0.17973856209150327,471
1.4719682931900024,0.3230994152046784,519
1.0061872005462646,0.20751633986928106,471
0.9686126708984375,0.2156862745098039,471
1.7209964990615845,0.19927536231884058,1549
0.8679330945014954,0.6528205128205128,181
1.2149051427841187,0.47680623973727426,504
0.7201080918312073,0.6319444444444444,478
0.9587578177452087,0.19607843137254907,471
1.662537932395935,0.17487684729064035,550
1.7257624864578247,0.16871921182266011,209
1.7060282230377197,0.16364734299516906,1549
0.5427539944648743,0.7469135802469137,307
0.6573666930198669,0.6458333333333334,478
0.640483021736145,0.6458333333333334,478
1.6501158475875854,0.15722495894909688,550
0.8772266507148743,0.18736383442265794,471
1.725426197052002,0.21428571428571427,209
0.7996165156364441,0.7120279146141214,18
1.5901027917861938,0.2424055829228243,469
1.6479078531265259,0.15701970443349753,550
0.6977490782737732,0.729064039408867,18
1.635002613067627,0.24958949096880134,1030
0.5720273852348328,0.6597222222222222,478
1.144742488861084,0.4361111111111111,171
1.234323501586914,0.6049382716049383,307
0.5347107648849487,0.6666666666666666,478
0.5988641977310181,0.7037037037037037,307
1.0991121530532837,0.44722222222222224,171
1.4636468887329102,0.36208576998050673,519
1.445812463760376,0.37085769980506816,519
1.0517010688781738,0.4465277777777778,171
1.7277265787124634,0.20258620689655174,209
1.7240443229675293,0.20853858784893267,209
1.4105110168457031,0.3323586744639376,519
1.5755647420883179,0.2070175438596491,546
1.5660839080810547,0.21578947368421053,546
1.6606863737106323,0.16304347826086954,1549
1.5304763317108154,0.21622807017543857,546
1.296379566192627,0.4444444444444444,307
0.9246236681938171,0.4583333333333333,171
1.0804450511932373,0.46551724137931033,504
1.6842182874679565,0.2471264367816092,1030
1.6351301670074463,0.15579710144927536,1549
1.7084161043167114,0.19704433497536944,209
1.7055507898330688,0.17939244663382595,209
0.6314979195594788,0.7516420361247946,18
0.8416233062744141,0.4798611111111111,171
0.6946492195129395,0.6527777777777778,478
0.5587930679321289,0.7013888888888888,478
1.6149269342422485,0.18021346469622332,469
1.0727362632751465,0.5617283950617283,307
1.706743836402893,0.1902709359605911,550
1.1169514656066895,0.2151416122004357,471
1.6735012531280518,0.18534482758620693,550
1.5749963521957397,0.1772342995169082,1549
0.9017699956893921,0.5740740740740741,307
0.8672248721122742,0.6317948717948718,181
1.5442060232162476,0.17089371980676327,1549
0.9101670980453491,0.5057471264367817,504
0.7471473217010498,0.6296296296296297,307
0.8810811042785645,0.5574712643678161,504
2.1224493980407715,0.5000000000000001,478
1.6008923053741455,0.27586206896551724,1030
1.770329236984253,0.19170771756978655,209
1.4582934379577637,0.21376811594202896,1549
1.4340087175369263,0.20682367149758454,1549
0.8466984629631042,0.6587179487179488,181
0.8425553441047668,0.6587179487179488,181
0.8611899018287659,0.5347222222222222,478
0.7108490467071533,0.6997126436781609,18
0.5608465075492859,0.6419753086419753,307
1.9557905197143555,0.2053376906318083,471
1.4098912477493286,0.22161835748792272,1549
1.2869559526443481,0.2071256038647343,1549
0.8336583971977234,0.6715384615384615,181
1.5648833513259888,0.2998768472906404,1030
0.6877525448799133,0.4791666666666667,171
1.3598856925964355,0.28596491228070176,546
1.6901445388793945,0.19211822660098524,550
1.5575828552246094,0.2660098522167487,1030
1.7353684902191162,0.1857553366174056,209
1.5545734167099,0.27196223316912976,1030
0.6290714740753174,0.4791666666666667,171
1.0703611373901367,0.5277777777777778,478
1.4039721488952637,0.23366013071895428,471
0.44321680068969727,0.6851851851851851,307
0.7470802068710327,0.6923234811165845,18
1.2862266302108765,0.30350877192982456,546
0.40904557704925537,0.7283950617283951,307
1.4529714584350586,0.29727095516569196,519
1.559433102607727,0.2029967159277504,469
1.5497994422912598,0.24322660098522167,469
1.5543928146362305,0.2604679802955665,1030
0.5387678742408752,0.4465277777777778,171
1.2065004110336304,0.268859649122807,546
1.1884965896606445,0.268859649122807,546
1.5178922414779663,0.26600985221674883,469
1.7227507829666138,0.19704433497536947,209
0.5654267072677612,0.7405582922824302,18
4.2866082191467285,0.1781400966183575,1549
2.3708267211914062,0.17814009661835747,1549
1.7064783573150635,0.22003284072249588,209
0.5351267457008362,0.7635467980295568,18
0.5058917999267578,0.45694444444444443,171
0.5122562050819397,0.7748357963875206,18
1.671303153038025,0.16276683087027916,550
1.5585691928863525,0.28879310344827586,1030
0.8605182766914368,0.6446153846153847,181
1.0999951362609863,0.21622807017543857,546
0.8181716799736023,0.6587179487179488,181
1.53388249874115,0.25431034482758624,469
0.8118010759353638,0.5862068965517241,504
1.0398346185684204,0.22587719298245615,546
1.5500812530517578,0.26662561576354676,1030
0.4726462662220001,0.768472906403941,18
0.8728809952735901,0.6335897435897436,181
1.7042092084884644,0.17939244663382592,209
0.3738245368003845,0.7345679012345679,307
1.7953442335128784,0.1400966183574879,1549
0.989362895488739,0.22587719298245615,546
0.3160819113254547,0.7777777777777778,307
1.7944608926773071,0.1400966183574879,1549
1.2797203063964844,0.26361655773420484,471
0.7972440123558044,0.6249999999999999,478
1.2281358242034912,0.2352941176470588,471
0.8201128840446472,0.6523076923076924,181
1.7924095392227173,0.16757246376811594,1549
0.45366692543029785,0.7682676518883415,18
0.8070896863937378,0.6517948717948717,181
1.6941784620285034,0.1672824302134647,209
1.6921679973602295,0.1672824302134647,209
0.583233654499054,0.4361111111111111,171
0.4405412971973419,0.7742200328407226,18
1.4257481098175049,0.34307992202729043,519
1.7902783155441284,0.16002415458937197,1549
0.4740644693374634,0.4354166666666666,171
0.45161041617393494,0.7530864197530865,307
0.6346924901008606,0.6458333333333334,478
1.5537054538726807,0.2479474548440066,1030
1.4076417684555054,0.33284600389863545,519
1.077069878578186,0.25043859649122807,546
1.1612658500671387,0.5802545155993433,504
1.5363303422927856,0.16871921182266011,469
0.8418962955474854,0.6646153846153846,181
1.5625762939453125,0.26087848932676516,1030
1.7262029647827148,0.16215106732348114,550
0.419931024312973,0.7976190476190476,18
1.1205170154571533,0.23464912280701752,546
0.5319961905479431,0.425,171
0.9411587715148926,0.19999999999999998,546
1.6780718564987183,0.18021346469622332,550
0.4011283218860626,0.43541666666666673,171
0.9736751914024353,0.2249455337690632,471
0.4083685874938965,0.42500000000000004,171
0.5396571159362793,0.6458333333333334,478
1.5425196886062622,0.24835796387520526,1030
0.3832249641418457,0.4361111111111111,171
1.4992188215255737,0.2545155993431856,469
1.7884432077407837,0.16696859903381642,1549
0.6847828030586243,0.6975308641975309,307
0.3385623097419739,0.4361111111111111,171
0.8618246912956238,0.2151416122004358,471
0.5014755725860596,0.6527777777777778,478
1.4137718677520752,0.3606237816764133,519
0.32974791526794434,0.7716049382716049,307
1.7880219221115112,0.1817632850241546,1549
0.47706732153892517,0.638888888888889,478
0.3455515205860138,0.8024691358024691,307
1.7875511646270752,0.1817632850241546,1549
1.5283112525939941,0.26559934318555006,1030
0.7700023651123047,0.20642701525054472,471
0.4295942485332489,0.8089080459770114,18
2.1668550968170166,0.3620689655172413,504
0.4352712035179138,0.638888888888889,478
1.159665822982788,0.5494871794871795,181
1.281360149383545,0.41871921182266014,504
1.690706491470337,0.17487684729064037,550
0.43875399231910706,0.4361111111111111,171
1.652148962020874,0.24912280701754383,546
0.2978421449661255,0.40347222222222223,171
1.2736116647720337,0.23289473684210527,546
1.4699546098709106,0.2142857142857143,469
0.525662899017334,0.7982348111658456,18
1.7853074073791504,0.1902173913043478,1549
1.0905320644378662,0.6135897435897436,181
1.513965368270874,0.4761904761904762,504
1.0749733448028564,0.62,181
1.7847933769226074,0.1902173913043478,1549
1.1789435148239136,0.20087719298245613,546
1.7030229568481445,0.16851395730706076,550
0.7191420197486877,0.20642701525054466,471
0.666197657585144,0.19716775599128541,471
1.41269850730896,0.47044334975369456,504
1.1719845533370972,0.21842105263157896,546
1.6925727128982544,0.19786535303776684,550
0.4516157805919647,0.7908456486042693,18
1.4372807741165161,0.3596491228070175,519
1.860465407371521,0.40277777777777785,171
0.45251935720443726,0.7098765432098766,307
1.674370288848877,0.180623973727422,550
1.741215467453003,0.20279146141215107,209
1.6663445234298706,0.180623973727422,550
1.659615159034729,0.196078431372549,471
1.7370145320892334,0.1915024630541872,209
0.2936052680015564,0.7592592592592592,307
0.39426150918006897,0.6527777777777778,478
1.0666743516921997,0.20087719298245613,546
1.2549421787261963,0.44211822660098526,504
1.782225489616394,0.1482487922705314,1549
1.586930751800537,0.27216748768472904,1030
1.0068267583847046,0.20043859649122808,546
1.2063628435134888,0.4480706075533662,504
0.32356682419776917,0.7716049382716049,307
1.5321446657180786,0.2309113300492611,469
1.3845202922821045,0.29583333333333334,171
1.456283688545227,0.23111658456486042,469
1.5355701446533203,0.2826354679802956,1030
1.451051115989685,0.21428571428571427,469
1.3415329456329346,0.37013888888888885,171
1.4103165864944458,0.3167641325536062,519
1.7804691791534424,0.16998792270531402,1549
1.5316054821014404,0.24240558292282433,1030
1.7435065507888794,0.2257799671592775,209
2.005669355392456,0.2352941176470588,471
0.41865140199661255,0.638888888888889,478
1.7162513732910156,0.2023809523809524,209
1.7077462673187256,0.19663382594417075,209
1.700941801071167,0.2019704433497537,209
1.7785848379135132,0.133756038647343,1549
0.9214110970497131,0.2416666666666666,546
1.6803243160247803,0.1849343185550082,550
1.678576946258545,0.17959770114942528,550
1.777288556098938,0.14794685990338163,1549
1.154467225074768,0.4465277777777778,171
1.5350162982940674,0.2370689655172414,1030
0.41503724455833435,0.7976190476190478,18
1.5052567720413208,0.14978213507625274,471
1.0709033012390137,0.49979474548440067,504
1.789813756942749,0.2204433497536946,469
0.9693065881729126,0.6333333333333333,181
0.9451478123664856,0.6525641025641025,181
1.6750411987304688,0.1629720853858785,550
0.30075064301490784,0.7716049382716049,307
0.2588602304458618,0.8148148148148148,307
1.5486764907836914,0.25964696223316913,1030
0.9065731167793274,0.6461538461538461,181
1.5392791032791138,0.25410509031198686,1030
1.530179500579834,0.27155172413793105,1030
1.0132960081100464,0.49404761904761907,504
0.88021320104599,0.6394871794871794,181
0.8649183511734009,0.645897435897436,181
1.7130681276321411,0.17385057471264367,209
0.9842115640640259,0.5055418719211823,504
0.8347162008285522,0.6587179487179488,181
1.3864704370498657,0.15849673202614378,471
1.01768159866333,0.4791666666666667,171
1.2394274473190308,0.5833333333333334,478
0.39271116256713867,0.7916666666666666,18
1.4154289960861206,0.3679337231968811,519
0.38268688321113586,0.8031609195402298,18
0.8570629358291626,0.6515384615384615,181
0.8430517911911011,0.6453846153846153,181
1.6589250564575195,0.16256157635467983,550
0.38165420293807983,0.8033661740558292,18
1.23045814037323,0.14978213507625274,471
0.909826397895813,0.5572660098522167,504
0.880800724029541,0.5277777777777778,478
1.3931230306625366,0.3333333333333333,519
1.6492326259613037,0.17446633825944172,550
1.6788699626922607,0.19540229885057472,469
1.6432541608810425,0.17446633825944172,550
1.7201377153396606,0.6666666666666666,307
1.7734671831130981,0.14130434782608695,1549
0.7955126166343689,0.5694444444444444,478
0.9738669395446777,0.225,546
1.7750053405761719,0.27196223316912976,1030
1.6421912908554077,0.18596059113300492,550
1.635896921157837,0.18021346469622332,550
0.6808480024337769,0.5972222222222222,478
0.37090128660202026,0.7916666666666666,18
1.0481284856796265,0.2156862745098039,471
0.9284213781356812,0.5812820512820513,181
1.5870113372802734,0.2475369458128079,1030
1.7297989130020142,0.1798029556650246,209
1.723109245300293,0.1798029556650246,209
1.71060311794281,0.1910919540229885,209
0.8510591387748718,0.5745073891625616,504
0.5050958395004272,0.6736111111111112,478
1.7720468044281006,0.1410024154589372,1549
1.6372400522232056,0.21366995073891626,469
1.7012367248535156,0.17282430213464697,209
0.4492066204547882,0.7861247947454842,18
0.38518068194389343,0.785919540229885,18
1.6105257272720337,0.2136699507389163,469
1.636622428894043,0.24774220032840724,1030
0.43493351340293884,0.6527777777777778,478
1.6222392320632935,0.24774220032840724,1030
0.9009823203086853,0.4465277777777778,171
0.8763423562049866,0.4576388888888889,171
1.7406409978866577,0.20751231527093594,550
0.815912663936615,0.45694444444444443,171
0.8242069482803345,0.7740147783251231,18
1.545943021774292,0.25985221674876846,469
1.5702970027923584,0.29433497536945813,1030
1.3906728029251099,0.34405458089668617,519
0.7453601956367493,0.43402777777777785,171
1.667670726776123,0.15660919540229887,550
1.6620081663131714,0.1625615763546798,550
1.6524337530136108,0.16276683087027916,550
1.5490080118179321,0.27729885057471265,1030
1.6999588012695312,0.17385057471264367,209
1.7664402723312378,0.1488526570048309,1549
1.4476724863052368,0.4506172839506173,307
1.6319001913070679,0.19786535303776684,550
0.8314083814620972,0.5860016420361248,504
1.3147419691085815,0.20000000000000004,546
0.797537624835968,0.5862068965517241,504
0.7902683019638062,0.5747126436781609,504
0.7831649780273438,0.5747126436781609,504
0.9884575009346008,0.19999999999999998,546
0.9536330699920654,0.19999999999999998,546
0.6402257680892944,0.40277777777777773,171
1.6370368003845215,0.19786535303776684,550
0.39783424139022827,0.638888888888889,478
1.2324693202972412,0.5617283950617283,307
0.3637025058269501,0.6527777777777778,478
1.7637351751327515,0.14915458937198067,1549
1.530393123626709,0.2828407224958949,1030
1.6227809190750122,0.19191297208538585,550
0.9058030843734741,0.23474945533769068,471
1.2855160236358643,0.22543859649122808,546
1.4834544658660889,0.22536945812807882,469
1.3928495645523071,0.33138401559454184,519
0.8132263422012329,0.574712643678161,504
1.72286856174469,0.19724958949096882,209
1.716442584991455,0.19724958949096882,209
0.5602367520332336,0.7292692939244662,18
0.5523995161056519,0.4145833333333333,171
0.8202511668205261,0.2249455337690632,471
0.8025400042533875,0.2058823529411765,471
0.827322244644165,0.638974358974359,181
1.4529181718826294,0.20279146141215107,469
0.9297427535057068,0.574096880131363,504
1.69355046749115,0.18534482758620688,209
0.9129865765571594,0.6049382716049383,307
1.4352681636810303,0.20279146141215101,469
0.6043574213981628,0.5902777777777778,478
1.4235213994979858,0.22003284072249593,469
1.0785003900527954,0.22631578947368416,546
0.8591164946556091,0.5925925925925926,307
0.667551577091217,0.2249455337690632,471
1.3997673988342285,0.21428571428571427,469
0.794387936592102,0.6523076923076924,181
1.402646780014038,0.38011695906432746,519
1.6949149370193481,0.16707717569786537,209
0.7847049236297607,0.6111111111111112,307
1.7054142951965332,0.20812807881773399,550
1.7548447847366333,0.14190821256038647,1549
1.3832184076309204,0.3230994152046783,519
1.5240153074264526,0.2366584564860427,1030
1.6621206998825073,0.17364532019704434,550
0.6824977993965149,0.20697167755991286,471
0.8562498688697815,0.20789473684210524,546
0.693810224533081,0.6358024691358025,307
0.5572900176048279,0.224400871459695,471
0.8880900144577026,0.5625000000000001,478
1.747798204421997,0.14251207729468598,1549
1.6478612422943115,0.18616584564860428,550
0.5937602519989014,0.2058823529411765,471
1.3939472436904907,0.293859649122807,519
0.7907378673553467,0.6520512820512819,181
1.6332489252090454,0.18021346469622332,550
0.4999585747718811,0.6180555555555555,478
0.4715185761451721,0.6319444444444445,478
0.7019900679588318,0.1912280701754386,546
1.3328744173049927,0.5287356321839081,504
0.6221346259117126,0.41250000000000003,171
0.6082324981689453,0.6728395061728395,307
0.7705003023147583,0.6651282051282051,181
0.6340999603271484,0.1912280701754386,546
0.4238763153553009,0.7738095238095238,18
0.7662895321846008,0.652051282051282,181
0.9282347559928894,0.52811986863711,504
1.4095083475112915,0.3352826510721248,519
0.6020216941833496,0.6319444444444445,478
1.545004963874817,0.31732348111658454,1030
1.5264577865600586,0.2713464696223317,1030
0.7281371355056763,0.4458333333333333,171
1.7358464002609253,0.1286231884057971,1549
0.8733675479888916,0.49938423645320196,504
0.8570040464401245,0.5453612479474549,504
0.5098258256912231,0.4458333333333333,171
0.7959796190261841,0.5860016420361248,504
0.5916113257408142,0.2074561403508772,546
0.7427698373794556,0.5689655172413793,504
0.48739683628082275,0.42430555555555555,171
0.4875279366970062,0.6041666666666666,478
1.7271790504455566,0.10718599033816427,1549
0.5337924957275391,0.2087719298245614,546
0.4384978711605072,0.42430555555555555,171
1.7223193645477295,0.12137681159420288,1549
1.7196146249771118,0.13526570048309175,1549
0.7614461779594421,0.6582051282051282,181
1.6563694477081299,0.19786535303776684,550
1.428846836090088,0.24261083743842363,469
0.993505597114563,0.6091954022988507,504
1.976813554763794,0.170479302832244,471
0.5940189361572266,0.19912280701754384,546
1.6998093128204346,0.1488526570048309,1549
1.6540919542312622,0.18555008210180624,550
1.6932119131088257,0.15609903381642512,1549
1.6879962682724,0.1633454106280193,1549
0.4562913775444031,0.4131944444444445,171
1.7269092798233032,0.18555008210180624,209
1.254647135734558,0.17500000000000002,546
0.9411213397979736,0.5449507389162561,504
0.38741156458854675,0.8091133004926109,18
0.3413776755332947,0.4458333333333333,171
0.44532057642936707,0.6597222222222223,478
0.7951799631118774,0.6143267651888341,504
0.7901092171669006,0.625897435897436,181
0.7761315107345581,0.6456410256410258,181
0.31580865383148193,0.4444444444444445,171
0.33129116892814636,0.625,478
0.37096482515335083,0.7799671592775042,18
0.7221928238868713,0.6781609195402298,504
2.5183310508728027,0.12962962962962962,471
2.138467788696289,0.1388888888888889,471
1.4970341920852661,0.3138401559454191,519
0.3402734100818634,0.6458333333333334,478
1.398268699645996,0.19736842105263155,546
1.166555643081665,0.1899122807017544,546
1.761609435081482,0.2311165845648604,1030
1.6883389949798584,0.15147783251231528,550
0.2925741672515869,0.6388888888888888,478
1.7052114009857178,0.1851851851851852,471
1.7121165990829468,0.18555008210180624,209
0.7114371657371521,0.6724137931034483,504
0.44782543182373047,0.425,171
1.6221199035644531,0.18508454106280192,1549
1.62870454788208,0.1625615763546798,550
0.2667074501514435,0.3909722222222223,171
1.6202404499053955,0.1742610837438424,550
0.29214054346084595,0.40138888888888896,171
1.2359224557876587,0.2359649122807018,546
0.2626047432422638,0.3909722222222223,171
1.7470440864562988,0.19444444444444445,471
1.5312086343765259,0.2884990253411306,519
1.1990395784378052,0.20964912280701756,546
1.8059931993484497,0.2366584564860427,469
1.6485559940338135,0.2842775041050903,1030
1.1185147762298584,0.20175438596491227,546
1.0204378366470337,0.5441025641025641,181
1.492967128753662,0.33576998050682255,519
1.0123956203460693,0.21842105263157896,546
0.5312243103981018,0.6975308641975309,307
0.93098384141922,0.21798245614035086,546
1.619884967803955,0.312807881773399,1030
1.633105754852295,0.19170771756978652,550
0.8128042221069336,0.20000000000000004,546
1.081917405128479,0.603448275862069,504
1.7291224002838135,0.20833333333333334,209
1.6029717922210693,0.1683087027914614,550
1.6528865098953247,0.20935960591133004,469
0.3212645351886749,0.6527777777777778,478
0.46378299593925476,0.6851851851851851,307
0.45189446210861206,0.7037037037037037,307
0.8697659969329834,0.6251282051282051,181
1.6119205951690674,0.19202898550724637,1549
0.8531200885772705,0.6256410256410256,181
1.1977508068084717,0.40277777777777785,171
1.5448845624923706,0.1781400966183575,1549
0.45539194345474243,0.6527777777777778,478
1.7370516061782837,0.19444444444444445,471
0.8259899020195007,0.21622807017543857,546
1.6308060884475708,0.22023809523809523,469
1.1738470792770386,0.43263888888888896,171
0.5641703605651855,0.21710526315789472,546
0.7897801399230957,0.6456410256410258,181
0.39526277780532837,0.6527777777777778,478
1.6355760097503662,0.16968599033816423,1549
1.5270302295684814,0.19927536231884058,1549
1.5876502990722656,0.2025862068965517,469
0.6635751128196716,0.20921052631578949,546
1.640211820602417,0.5172413793103449,504
1.7194607257843018,0.19444444444444445,471
0.9952124953269958,0.42569444444444443,171
1.5424405336380005,0.19088669950738915,469
1.429511308670044,0.33479532163742687,519
1.6320335865020752,0.19233091787439616,1549
0.3662869930267334,0.8150656814449917,18
0.4764596223831177,0.20833333333333334,546
1.7581140995025635,0.1919129720853859,550
1.6201144456863403,0.19202898550724637,1549
1.4889506101608276,0.17918719211822662,469
0.9287126660346985,0.4361111111111111,171
1.736199975013733,0.21387520525451564,209
1.716178297996521,0.215311986863711,550
1.5595664978027344,0.3002873563218391,1030
1.50065279006958,0.339080459770115,504
0.8160833716392517,0.4465277777777778,171
0.7814933061599731,0.4465277777777778,171
1.678529143333435,0.19444444444444445,471
1.270169973373413,0.41933497536945813,504
0.35813719034194946,0.7970032840722497,18
1.4157978296279907,0.3508771929824561,519
0.38913217186927795,0.6319444444444443,478
0.3448435068130493,0.7974137931034484,18
0.5650888681411743,0.4236111111111111,171
1.6422443389892578,0.22222222222222224,471
0.5034106373786926,0.20833333333333334,546
1.6457334756851196,0.15660919540229887,550
1.615325927734375,0.19444444444444445,471
0.41049206256866455,0.7530864197530863,307
1.4933531284332275,0.15640096618357488,1549
1.5764073133468628,0.212962962962963,471
0.3688109815120697,0.7469135802469135,307
1.5427767038345337,0.212962962962963,471
0.36059510707855225,0.7978243021346468,18
0.3306429386138916,0.7407407407407406,307
0.2895266115665436,0.6875,478
1.5335854291915894,0.25964696223316913,1030
0.9175778031349182,0.19210526315789475,546
0.5825112462043762,0.21798245614035092,546
0.22496449947357178,0.625,478
0.4395567774772644,0.37986111111111115,171
1.4761320352554321,0.19088669950738915,469
1.4198952913284302,0.19927536231884058,1549
0.4126895070075989,0.7846880131362889,18
1.513753056526184,0.28345648604269297,1030
1.386792540550232,0.35038986354775825,519
1.7300732135772705,0.20279146141215107,209
2.051220417022705,0.17938596491228073,546
1.616054654121399,0.13936781609195403,550
0.3625651001930237,0.8037766830870279,18
0.3246501386165619,0.41250000000000003,171
1.3784693479537964,0.3791423001949317,519
1.4843559265136719,0.1781400966183575,1549
0.3473459482192993,0.8037766830870279,18
1.3763984441757202,0.341130604288499,519
0.2830612063407898,0.43472222222222223,171
1.373511791229248,0.3323586744639376,519
1.0889840126037598,0.47023809523809534,504
0.25706106424331665,0.43472222222222223,171
1.3699582815170288,0.3235867446393762,519
1.5194368362426758,0.3175287356321839,1030
1.5132843255996704,0.3060344827586207,1030
0.3548777103424072,0.8027504105090312,18
1.696982979774475,0.2136699507389163,209
1.6947351694107056,0.20792282430213463,209
1.3882548809051514,0.20424836601307186,471
0.8191813826560974,0.6453846153846153,181
1.6305804252624512,0.17405582922824303,550
1.3153066635131836,0.1723684210526316,546
1.6194243431091309,0.17385057471264367,550
0.7801308035850525,0.6392307692307692,181
0.37805411219596863,0.8089080459770114,18
1.5458250045776367,0.270935960591133,1030
0.36146408319473267,0.7283950617283951,307
1.3661458492279053,0.3421052631578947,519
1.5047353506088257,0.27134646962233167,1030
0.31597232818603516,0.797824302134647,18
0.3165546655654907,0.7916666666666666,18
0.3126300275325775,0.7916666666666666,18
0.7681742906570435,0.652051282051282,181
0.3043062090873718,0.7799671592775042,18
1.6364003419876099,0.15722495894909688,550
0.8877670168876648,0.6091954022988505,504
1.653227686882019,0.17028985507246377,1549
1.591812014579773,0.17446633825944172,550
1.5371426343917847,0.18478260869565213,1549
1.7117787599563599,0.19683908045977014,209
0.39165550470352173,0.7345679012345679,307
1.5989110469818115,0.15619868637110015,550
1.6978453397750854,0.2025862068965517,209
0.34280624985694885,0.8144499178981938,18
1.4010913372039795,0.32212475633528265,519
1.6090199947357178,0.15619868637110015,550
1.4708610773086548,0.1554951690821256,1549
1.655393123626709,0.27155172413793105,1030
0.21136368811130524,0.44583333333333336,171
1.0679508447647095,0.20833333333333334,546
1.5945770740509033,0.16810344827586207,550
1.3991771936416626,0.3815789473684211,519
1.5793970823287964,0.16871921182266014,550
1.5720993280410767,0.1629720853858785,550
1.2706338167190552,0.17647058823529413,471
0.5051894783973694,0.7920771756978654,18
1.242251992225647,0.17647058823529413,471
0.7395039200782776,0.6394871794871795,181
0.2521977126598358,0.42430555555555555,171
0.22118937969207764,0.42500000000000004,171
1.3767354488372803,0.3138401559454191,519
0.3228848874568939,0.6597222222222222,478
0.25327199697494507,0.6458333333333334,478
0.8100051879882812,0.21710526315789472,546
0.18934811651706696,0.6527777777777778,478
0.7528424263000488,0.7068965517241379,504
0.3868001103401184,0.4451388888888889,171
1.7229679822921753,0.1744663382594417,550
1.1266436576843262,0.2047930283224401,471
0.735364556312561,0.6394871794871796,181
1.582842469215393,0.1615353037766831,550
0.6334795951843262,0.24298245614035086,546
0.5907855033874512,0.7972085385878489,18
0.7096772193908691,0.6453846153846153,181
0.4475668966770172,0.8144499178981938,18
1.7361445426940918,0.21941707717569783,209
0.33726516366004944,0.4222222222222223,171
1.3807475566864014,0.33284600389863545,519
1.2608850002288818,0.5972222222222222,478
1.3657677173614502,0.1343599033816425,1549
0.47304990887641907,0.22543859649122808,546
0.7756565809249878,0.6436781609195402,504
0.33895984292030334,0.625,478
0.5540688037872314,0.7512315270935962,18
0.4755210876464844,0.7633415435139573,18
0.6762362122535706,0.6666666666666666,504
0.41741031408309937,0.8037766830870279,18
0.4028533399105072,0.8152709359605911,18
1.7252678871154785,0.16707717569786537,209
1.6614538431167603,0.2612889983579639,1030
0.998515248298645,0.16775599128540306,471
1.377590537071228,0.3776803118908383,519
1.4859681129455566,0.18596059113300498,469
0.7398727536201477,0.6384615384615384,181
1.4598207473754883,0.18000821018062396,469
1.0575956106185913,0.3819444444444445,171
0.38819339871406555,0.21666666666666667,546
0.6964048147201538,0.6133333333333334,181
1.4035512208938599,0.19642857142857142,469
1.3986924886703491,0.14039855072463767,1549
0.8076432943344116,0.6149425287356322,504
0.9235884547233582,0.2053376906318083,471
1.2115240097045898,0.5277777777777778,478
0.3128061294555664,0.2337719298245614,546
1.702964186668396,0.17282430213464695,209
0.6443898677825928,0.6264367816091955,504
1.5404449701309204,0.3111658456486042,1030
0.6398418545722961,0.6494252873563218,504
0.8377258777618408,0.18627450980392157,471
0.7107689380645752,0.645897435897436,181
1.6936602592468262,0.17261904761904764,209
1.1888446807861328,0.15640096618357488,1549
0.8100224733352661,0.6180555555555556,478
0.5929740071296692,0.7345679012345677,307
1.465267539024353,0.21366995073891623,469
0.6139883399009705,0.6494252873563219,504
0.6359384655952454,0.5972222222222222,478
1.4191218614578247,0.28703703703703703,519
1.6802036762237549,0.19622331691297212,209
1.362111210823059,0.3318713450292397,519
0.7202830910682678,0.19607843137254902,471
1.049914836883545,0.1277173913043478,1549
0.7067540287971497,0.6584615384615384,181
0.6731417179107666,0.6523076923076924,181
0.6688724160194397,0.16775599128540306,471
0.5302106142044067,0.625,478
1.5181105136871338,0.30506822612085766,519
1.5240002870559692,0.16892446633825944,469
1.5096032619476318,0.25964696223316913,1030
0.6020948886871338,0.1770152505446623,471
1.2974742650985718,0.30069444444444443,171
1.2190492153167725,0.30069444444444443,171
1.1198456287384033,0.13496376811594202,1549
1.0769813060760498,0.33402777777777776,171
0.889346718788147,0.1126207729468599,1549
1.6656887531280518,0.19622331691297212,209
0.9916508793830872,0.3909722222222222,171
1.0625536441802979,0.6481481481481481,307
0.635543942451477,0.7183908045977011,504
1.4385937452316284,0.19088669950738915,469
0.42734503746032715,0.21666666666666667,546
0.5233350992202759,0.6954022988505746,504
1.3870949745178223,0.17939244663382592,469
0.5157750844955444,0.6954022988505747,504
1.7704771757125854,0.14855072463768115,1549
1.3535901308059692,0.18493431855500822,469
1.4419288635253906,0.511025641025641,181
1.337628960609436,0.1676929392446634,469
1.676997423171997,0.20792282430213463,550
1.6665955781936646,0.19047619047619047,209
1.2879456281661987,0.1277173913043478,1549
0.6985551118850708,0.6609195402298851,504
0.551615834236145,0.7183908045977011,504
0.7309234738349915,0.6358024691358025,307
1.528185486793518,0.2885878489326765,1030
0.981113076210022,0.6931444991789819,18
0.593334436416626,0.7283950617283951,307
1.3691245317459106,0.18493431855500822,469
0.678729772567749,0.2249455337690632,471
0.5055027604103088,0.224400871459695,471
1.3024853467941284,0.5130769230769231,181
1.6911296844482422,0.18513957307060758,209
0.9723096489906311,0.4465277777777778,171
1.6125677824020386,0.6666666666666666,504
0.37507015466690063,0.7098765432098766,307
0.35536015033721924,0.6597222222222223,478
0.8522708415985107,0.6551724137931034,504
1.535326600074768,0.28947368421052627,519
0.3196282386779785,0.6875,478
1.4873816967010498,0.31432748538011696,519
0.7970491647720337,0.6264367816091955,504
1.4317374229431152,0.28508771929824556,519
0.8077527284622192,0.6551724137931034,504
0.3081904947757721,0.7283950617283951,307
1.6721067428588867,0.17918719211822662,209
1.6581062078475952,0.16810344827586207,550
0.2695043981075287,0.7530864197530863,307
0.2691061496734619,0.6875,478
1.0063968896865845,0.5715384615384616,181
4.126474380493164,0.16721132897603486,471
0.23445133864879608,0.6597222222222222,478
0.8690949082374573,0.5574712643678161,504
0.2219955325126648,0.6666666666666666,478
1.6001558303833008,0.20853858784893267,469
1.4281554222106934,0.1917270531400966,1549
0.20544052124023438,0.6666666666666666,478
1.636552333831787,0.1742610837438424,550
1.5166980028152466,0.18859649122807018,546
0.1774802953004837,0.6527777777777778,478
1.5268211364746094,0.23665845648604267,1030
0.7497953176498413,0.38958333333333334,171
1.515676498413086,0.2481527093596059,1030
1.5928020477294922,0.1629720853858785,550
0.16947735846042633,0.6527777777777778,478
0.6357266306877136,0.21622807017543857,546
0.148419588804245,0.6458333333333334,478
1.6903295516967773,0.19663382594417075,209
1.5738184452056885,0.1568144499178982,550
1.6838842630386353,0.19088669950738915,209
0.4000643491744995,0.7592592592592592,307
0.1446196436882019,0.6180555555555555,478
1.5776630640029907,0.16194581280788178,550
1.5999538898468018,0.18596059113300492,469
1.7715548276901245,0.2156862745098039,471
0.4645516872406006,0.7859195402298851,18
0.528807520866394,0.4444444444444444,171
0.40308278799057007,0.8095238095238096,18
0.4908654987812042,0.43472222222222223,171
1.5248994827270508,0.2770935960591133,1030
1.5715817213058472,0.13895730706075535,550
1.5606752634048462,0.12766830870279147,550
0.49683913588523865,0.8323070607553366,18
0.3847386837005615,0.45694444444444443,171
1.7014541625976562,0.20258620689655174,209
0.19783197343349457,0.6458333333333333,478
0.4615921676158905,0.7407407407407408,307
1.7574642896652222,0.2249455337690632,471
0.8300988078117371,0.632051282051282,181
0.8298345804214478,0.20877192982456141,546
0.2384556382894516,0.7839506172839507,307
1.142544150352478,0.7625205254515599,18
0.5865090489387512,0.1995614035087719,546
1.4967666864395142,0.27709359605911327,1030
0.38876426219940186,0.8208128078817735,18
1.736920952796936,0.24400871459694992,471
1.5783865451812744,0.18021346469622332,550
1.694136142730713,0.31432748538011696,519
1.546642541885376,0.15086206896551727,550
1.4822074174880981,0.1395730706075534,469
1.4724103212356567,0.12787356321839083,469
1.394262671470642,0.3138401559454191,519
0.7800402641296387,0.6584615384615384,181
1.7557145357131958,0.21982758620689657,209
0.734396755695343,0.6206896551724138,504
1.4711284637451172,0.3416179337231969,519
0.3139539957046509,0.43472222222222223,171
1.4957749843597412,0.576388888888889,478
1.378816843032837,0.15045155993431855,469
0.35920870304107666,0.6041666666666667,478
1.2313684225082397,0.1352657004830918,1549
0.22762073576450348,0.45625000000000004,171
1.1876137256622314,0.13466183574879229,1549
1.7190067768096924,0.224400871459695,471
0.736038088798523,0.20657894736842106,546
1.3233791589736938,0.17323481116584563,469
0.6416133642196655,0.7222222222222223,307
0.5128725171089172,0.21535087719298243,546
1.5016568899154663,0.35185185185185186,519
0.7427838444709778,0.6325641025641026,181
1.4788355827331543,0.35233918128654973,519
0.331743448972702,0.19956140350877194,546
1.28566575050354,0.21387520525451562,469
1.4883930683135986,0.2600574712643678,1030
0.7395417094230652,0.6666666666666666,504
0.2743830680847168,0.8209876543209876,307
1.394216537475586,0.5708128078817735,18
1.4096630811691284,0.3148148148148148,519
0.7063210010528564,0.6453846153846153,181
0.5262444019317627,0.21710526315789472,546
1.431181788444519,0.5416666666666666,478
1.6643481254577637,0.19607843137254902,471
0.6893445253372192,0.6517948717948717,181
1.384399175643921,0.30653021442495126,519
0.6786692142486572,0.6453846153846153,181
1.246343731880188,0.18555008210180624,469
1.6514904499053955,0.18513957307060758,550
1.4785352945327759,0.27729885057471265,1030
1.041430950164795,0.1905193236714976,1549
0.9478769302368164,0.14855072463768115,1549
0.8616285920143127,0.5972222222222222,478
0.645315408706665,0.6517948717948717,181
1.5659867525100708,0.15619868637110015,550
1.5571614503860474,0.15660919540229887,550
1.1277730464935303,0.14281400966183574,1549
1.3780473470687866,0.3245614035087719,519
0.3555043339729309,0.4555555555555555,171
0.7250981330871582,0.6111111111111112,478
1.6116026639938354,0.20642701525054466,471
1.5513240098953247,0.18082922824302136,550
1.2394099235534668,0.21387520525451556,469
0.3526517152786255,0.7777777777777778,307
0.2246217429637909,0.42430555555555555,171
1.5243080854415894,0.16276683087027918,550
0.8326570987701416,0.1982456140350877,546
0.9673904180526733,0.6830870279146142,18
1.558655858039856,0.20642701525054466,471
1.5433729887008667,0.20642701525054466,471
1.518884301185608,0.20642701525054466,471
1.4816750288009644,0.23111658456486042,1030
0.6203672289848328,0.638974358974359,181
0.2380146086215973,0.8456790123456791,307
0.6041881442070007,0.6128205128205129,181
1.7488127946853638,0.21982758620689657,209
1.4675554037094116,0.25944170771756975,1030
1.3764607906341553,0.19716183574879229,1549
0.5370694398880005,0.7520525451559935,18
0.8665809631347656,0.6149425287356322,504
1.6808212995529175,0.19088669950738915,209
0.628773033618927,0.6128205128205129,181
0.20387636125087738,0.8148148148148148,307
0.5808488130569458,0.632051282051282,181
1.3044579029083252,0.24291938997821352,471
0.95252525806427,0.1213768115942029,1549
0.9529432058334351,0.5229885057471264,504
0.5315364003181458,0.17280701754385963,546
1.2274160385131836,0.25326797385620914,471
0.3936457931995392,0.8033661740558292,18
0.26754021644592285,0.42430555555555555,171
1.6775017976760864,0.1798029556650246,209
1.6755727529525757,0.17385057471264367,209
1.663547158241272,0.2370689655172414,550
1.6494914293289185,0.22557471264367815,550
1.6273542642593384,0.20833333333333334,550
0.6164291501045227,0.6436781609195402,504
0.5688821077346802,0.5833333333333334,478
1.393232822418213,0.33918128654970764,519
1.5866600275039673,0.17405582922824303,469
1.360526442527771,0.3060428849902534,519
1.5824158191680908,0.19170771756978655,550
0.3944048285484314,0.22587719298245612,546
0.5753896832466125,0.735632183908046,504
0.36398276686668396,0.7857142857142857,18
0.26100584864616394,0.22543859649122808,546
1.3988432884216309,0.19581280788177344,469
0.2205907702445984,0.19912280701754384,546
0.4565388858318329,0.6319444444444445,478
1.4860295057296753,0.3113711001642036,1030
0.16719849407672882,0.8209876543209876,307
0.8771505355834961,0.14945652173913043,1549
1.604009985923767,0.16297208538587848,550
0.14724400639533997,0.8518518518518517,307
1.059841513633728,0.21623093681917208,471
0.4031262993812561,0.611111111111111,478
0.29348498582839966,0.1986842105263158,546
1.4669384956359863,0.33723196881091616,519
1.5514965057373047,0.13813628899835798,550
1.3689000606536865,0.173440065681445,469
0.36326098442077637,0.6041666666666666,478
0.9488237500190735,0.24400871459694992,471
1.5033637285232544,0.23173234811165844,1030
0.15604905784130096,0.8641975308641975,307
0.49838006496429443,0.7528735632183907,504
0.5029234886169434,0.42361111111111116,171
1.5327882766723633,0.1681034482758621,550
1.2885183095932007,0.19088669950738915,469
0.12108930945396423,0.8641975308641975,307
0.471134752035141,0.7816091954022988,504
0.8462734818458557,0.22549019607843143,471
1.5094739198684692,0.15660919540229887,550
0.30132684111595154,0.6041666666666666,478
0.294545978307724,0.6041666666666666,478
0.33203503489494324,0.42500000000000004,171
0.34550830721855164,0.7920771756978654,18
1.2329328060150146,0.17939244663382595,469
1.1780788898468018,0.1554951690821256,1549
1.5289475917816162,0.2592364532019704,1030
0.4350951313972473,0.793103448275862,504
0.4211352467536926,0.82183908045977,504
1.1952011585235596,0.1795977011494253,469
1.1195249557495117,0.5092307692307692,181
0.32152843475341797,0.8031609195402298,18
0.126509428024292,0.8641975308641975,307
0.11331634968519211,0.8641975308641975,307
0.7203705310821533,0.6394871794871794,181
1.8070605993270874,0.23727422003284074,209
0.3167431652545929,0.7974137931034484,18
0.5023592710494995,0.8333333333333334,504
1.536566138267517,0.26067323481116583,1030
1.4822821617126465,0.3036062378167641,519
0.7124240398406982,0.2167755991285403,471
1.1665563583374023,0.2027914614121511,469
0.2480800300836563,0.8271604938271606,307
0.26605501770973206,0.43472222222222223,171
0.4941519796848297,0.7873563218390803,504
0.26435601711273193,0.5972222222222222,478
0.3046463131904602,0.8033661740558292,18
1.1494656801223755,0.21962233169129722,469
1.6930060386657715,0.20894909688013139,209
1.0748639106750488,0.5743589743589744,181
1.389492154121399,0.3167641325536062,519
0.2262870967388153,0.5972222222222222,478
0.4797435998916626,0.8735632183908045,504
1.3764439821243286,0.32504873294346975,519
1.4841041564941406,0.15519323671497584,1549
1.6139261722564697,0.2721674876847291,550
0.3770192265510559,0.8103448275862069,504
1.4860591888427734,0.2885878489326765,1030
0.7684394121170044,0.24400871459694992,471
1.0371589660644531,0.14130434782608697,1549
0.7672128081321716,0.20043859649122808,546
1.357128620147705,0.3226120857699805,519
1.4596023559570312,0.27729885057471265,1030
0.21141865849494934,0.6041666666666666,478
0.1900065690279007,0.18157894736842103,546
1.6815766096115112,0.20217569786535305,209
0.8063549399375916,0.14734299516908214,1549
0.4248829782009125,0.8505747126436781,504
0.3904178738594055,0.18114035087719296,546
0.9834652543067932,0.19825708061002176,471
1.4672654867172241,0.29495073891625617,1030
0.22155500948429108,0.4451388888888889,171
0.2026354819536209,0.45625,171
0.20020423829555511,0.5694444444444444,478
0.24938692152500153,0.1903508771929824,546
1.5670629739761353,0.173440065681445,550
0.6020215153694153,0.1802832244008715,471
1.3580951690673828,0.3128654970760234,519
0.1755324900150299,0.5833333333333333,478
0.6769487857818604,0.16364734299516906,1549
1.34844970703125,0.304093567251462,519
1.3581985235214233,0.1910919540229885,469
0.5095644593238831,0.15640096618357488,1549
0.30933284759521484,0.4451388888888889,171
0.4491017162799835,0.15609903381642512,1549
0.8854815363883972,0.5994871794871794,181
0.44031399488449097,0.7839506172839507,307
1.5307581424713135,0.16851395730706076,550
0.19118382036685944,0.21666666666666667,546
0.3900667726993561,0.133756038647343,1549
0.13428078591823578,0.21622807017543857,546
1.666709303855896,0.6724137931034483,504
0.20192378759384155,0.8271604938271605,307
0.3090454936027527,0.797208538587849,18
0.22283509373664856,0.42430555555555555,171
0.20162402093410492,0.8333333333333335,307
0.29411792755126953,0.8033661740558292,18
0.17892377078533173,0.6180555555555555,478
0.15163268148899078,0.1986842105263158,546
0.4929594099521637,0.1838768115942029,1549
0.7674863338470459,0.2053376906318083,471
1.4899981021881104,0.2655993431855501,1030
0.2969256341457367,0.12711352657004832,1549
1.4629325866699219,0.28879310344827586,1030
0.4857447147369385,0.23529411764705885,471
0.19276383519172668,0.8580246913580248,307
0.28316590189933777,0.12741545893719805,1549
1.6930142641067505,0.2023809523809524,209
2.514545440673828,0.19027093596059116,469
0.19362084567546844,0.41180555555555554,171
1.575089931488037,0.13341543513957307,550
1.3839346170425415,0.34307992202729043,519
0.15835465490818024,0.4451388888888889,171
1.6592514514923096,0.21982758620689657,209
0.2509514093399048,0.5833333333333334,478
0.16563722491264343,0.5902777777777778,478
1.5634851455688477,0.1621510673234811,550
1.655085802078247,0.21982758620689657,209
1.579891562461853,0.26580459770114945,1030
0.8813329935073853,0.22603485838779958,471
1.545799970626831,0.20833333333333334,550
1.644216537475586,0.23132183908045978,209
0.35829871892929077,0.7976190476190476,18
0.32495367527008057,0.7857142857142857,18
1.7285792827606201,0.17467159277504107,469
0.8454782962799072,0.13466183574879226,1549
0.30449700355529785,0.7853037766830869,18
1.7105051279067993,0.17487684729064037,469
0.26764529943466187,0.45694444444444443,171
0.5725907683372498,0.1554951690821256,1549
1.4109262228012085,0.3669590643274854,519
0.16676706075668335,0.21666666666666667,546
1.3679512739181519,0.3323586744639376,519
1.3496425151824951,0.32407407407407407,519
0.08017007261514664,0.21622807017543857,546
0.4271787703037262,0.791256157635468,18
1.5163544416427612,0.26642036124794743,1030
0.07287956029176712,0.1986842105263158,546
0.0727728009223938,0.1986842105263158,546
1.6764249801635742,0.18657635467980296,469
1.5947908163070679,0.21366995073891626,550
1.6690740585327148,0.19232348111658457,469
0.32599732279777527,0.803776683087028,18
1.4798707962036133,0.30049261083743845,1030
1.6622198820114136,0.21408045977011494,209
0.19850757718086243,0.41180555555555554,171
4.358522415161133,0.4008620689655173,504
1.6582372188568115,0.1798029556650246,209
1.4663585424423218,0.2892036124794745,1030
0.9544355273246765,0.16884531590413943,471
0.32439762353897095,0.8033661740558292,18
1.4079841375350952,0.15579710144927536,1549
2.6956558227539062,0.5833333333333333,478
1.7092317342758179,0.1444991789819376,209
1.880335807800293,0.27241715399610134,519
0.3128663897514343,0.6180555555555555,478
0.2968272268772125,0.7797619047619048,18
0.20704008638858795,0.1820175438596491,546
1.6259833574295044,0.17446633825944172,469
1.4519484043121338,0.35964912280701755,519
1.459750771522522,0.2828407224958949,1030
1.5922340154647827,0.3390804597701149,504
1.4781221151351929,0.3499025341130604,519
1.7530310153961182,0.16707717569786537,209
1.750036358833313,0.17282430213464695,209
1.6083590984344482,0.14552545155993432,469
1.7773600816726685,0.2536945812807882,550
1.6991655826568604,0.3541666666666667,478
0.2942534387111664,0.8209876543209876,307
0.29576969146728516,0.21622807017543857,546
1.7496601343154907,0.2196223316912972,550
1.4527015686035156,0.26559934318555006,1030
0.1680896133184433,0.8827160493827161,307
1.4787706136703491,0.35769980506822613,519
1.5587000846862793,0.3045977011494253,504
1.6128451824188232,0.15196078431372548,471
1.578615665435791,0.1742610837438424,469
0.24398921430110931,0.43402777777777773,171
1.689558506011963,0.18513957307060758,209
1.3664828538894653,0.4375,478
1.4477052688598633,0.28879310344827586,1030
1.446499228477478,0.28879310344827586,1030
1.20383882522583,0.5876923076923076,181
1.4501895904541016,0.34844054580896683,519
0.1703924685716629,0.42291666666666666,171
1.4423608779907227,0.3489278752436647,519
0.3333699405193329,0.8333333333333334,307
0.9567580819129944,0.25272331154684097,471
0.37758660316467285,0.19035087719298247,546
1.5475574731826782,0.1742610837438424,469
1.6962673664093018,0.1615353037766831,550
1.106345772743225,0.5416666666666666,478
1.3794169425964355,0.14794685990338163,1549
1.482104778289795,0.3850574712643678,504
0.2015693485736847,0.8271604938271605,307
0.24305081367492676,0.21666666666666667,546
1.5236246585845947,0.180008210180624,469
0.9154356122016907,0.5555555555555556,478
0.1791151911020279,0.4118055555555556,171
0.15804742276668549,0.4118055555555556,171
1.4457553625106812,0.367816091954023,504
0.8270578384399414,0.6325641025641026,181
1.209562063217163,0.16243961352657002,1549
1.6314748525619507,0.15065681444991788,550
1.3952198028564453,0.2948343079922027,519
0.11212172359228134,0.22543859649122808,546
1.4106673002243042,0.37931034482758624,504
0.30185624957084656,0.7855090311986862,18
1.4833017587661743,0.2144909688013136,469
0.8058175444602966,0.2156862745098039,471
1.4676783084869385,0.277504105090312,1030
1.66004478931427,0.19683908045977008,209
0.7143107652664185,0.2249455337690632,471
0.20453006029129028,0.802469135802469,307
0.35091865062713623,0.42430555555555555,171
0.2440684735774994,0.42291666666666666,171
1.4544167518615723,0.2144909688013136,469
0.15129150450229645,0.41111111111111115,171
0.28807634115219116,0.7976190476190476,18
0.14074605703353882,0.8580246913580248,307
0.7203382849693298,0.625897435897436,181
0.7023011445999146,0.5833333333333333,478
0.27522042393684387,0.7857142857142857,18
0.12791796028614044,0.8580246913580248,307
0.5682451725006104,0.23529411764705888,471
1.0489130020141602,0.13435990338164253,1549
1.3077584505081177,0.4310344827586207,504
1.5327441692352295,0.27134646962233167,1030
0.10136228799819946,0.8641975308641975,307
0.44802147150039673,0.23529411764705888,471
1.4119391441345215,0.20812807881773399,469
1.4532321691513062,0.2602627257799672,1030
0.6788854598999023,0.14100241545893719,1549
0.6315023899078369,0.16968599033816423,1549
0.09000956267118454,0.18991228070175437,546
0.554871678352356,0.6180555555555556,478
0.5358633995056152,0.6458333333333334,478
0.45702579617500305,0.19142512077294685,1549
1.6313116550445557,0.1676929392446634,209
0.08585180342197418,0.8703703703703702,307
1.5180121660232544,0.25431034482758624,1030
1.3771637678146362,0.21387520525451556,469
1.6202763319015503,0.17918719211822662,209
0.40031686425209045,0.6527777777777779,478
0.061947863548994064,0.8641975308641975,307
1.4538867473602295,0.2658045977011494,1030
1.446955919265747,0.2830459770114942,1030
0.05971913784742355,0.8765432098765432,307
0.3220113217830658,0.6597222222222222,478
0.3938300311565399,0.1772342995169082,1549
0.0695091187953949,0.18991228070175437,546
1.602765679359436,0.17918719211822662,209
1.2128779888153076,0.5344827586206896,504
1.2010999917984009,0.5172413793103449,504
1.377124309539795,0.3050682261208577,519
0.31486544013023376,0.785303776683087,18
0.051915623247623444,0.9012345679012346,307
1.6515076160430908,0.24876847290640394,550
1.5935927629470825,0.16769293924466336,209
0.044996608048677444,0.8888888888888888,307
0.04385453835129738,0.8888888888888888,307
0.6820300221443176,0.6384615384615385,181
0.6680381298065186,0.6320512820512821,181
0.04132677987217903,0.882716049382716,307
1.6061772108078003,0.23645320197044337,1030
0.3409363925457001,0.785919540229885,18
1.6276179552078247,0.16194581280788176,209
0.32134780287742615,0.7916666666666666,18
0.2521704435348511,0.6180555555555557,478
1.602001667022705,0.16769293924466336,209
1.6000473499298096,0.17364532019704434,550
1.1024084091186523,0.5344827586206897,504
0.05346408858895302,0.18991228070175437,546
1.0582631826400757,0.5517241379310346,504
0.4730934500694275,0.20751633986928109,471
1.5075432062149048,0.2600574712643678,1030
0.3208988308906555,0.22549019607843143,471
0.905556857585907,0.19112318840579712,1549
0.3885907828807831,0.17723429951690825,1549
1.0326166152954102,0.5172413793103448,504
1.3635658025741577,0.3230994152046784,519
1.6157199144363403,0.17918719211822662,209
1.604406714439392,0.23132183908045978,550
1.3611708879470825,0.3230994152046784,519
1.4882653951644897,0.2658045977011494,1030
1.5982928276062012,0.20217569786535305,209
1.572415828704834,0.1847290640394089,550
1.0512988567352295,0.23420479302832245,471
0.8131463527679443,0.6123076923076923,181
0.6780829429626465,0.6189743589743589,181
0.22906671464443207,0.6319444444444445,478
0.08296450972557068,0.882716049382716,307
2.8263721466064453,0.32222222222222224,171
1.3363276720046997,0.19663382594417078,469
1.3562638759613037,0.33235867446393763,519
0.0563412606716156,0.8950617283950617,307
3.0058765411376953,0.14432367149758454,1549
0.056484196335077286,0.2074561403508772,546
0.19592925906181335,0.6180555555555556,478
1.3911086320877075,0.107487922705314,1549
1.0122863054275513,0.1514161220043573,471
1.3664824962615967,0.42777777777777776,171
0.42447832226753235,0.7914614121510674,18
1.3441911935806274,0.16304347826086957,1549
1.3487117290496826,0.14855072463768115,1549
0.034573107957839966,0.1986842105263158,546
1.458492636680603,0.4270833333333333,171
0.12494391202926636,0.8580246913580246,307
0.2802988588809967,0.7916666666666666,18
0.27900782227516174,0.7916666666666666,18
1.7202155590057373,0.19704433497536947,209
1.1206728219985962,0.5172413793103449,504
0.27684688568115234,0.8031609195402298,18
1.2486313581466675,0.16243961352657008,1549
0.6814420819282532,0.2156862745098039,471
1.6206226348876953,0.2192118226600985,209
0.18446072936058044,0.6319444444444443,478
1.578953742980957,0.2194170771756979,550
0.28984954953193665,0.8209876543209876,307
0.274228036403656,0.7916666666666666,18
0.2683245837688446,0.7974137931034481,18
1.5811598300933838,0.20238095238095236,550
1.2432231903076172,0.4381944444444444,171
1.064640760421753,0.5170361247947455,504
1.329974889755249,0.1847290640394089,469
0.031197156757116318,0.18114035087719296,546
0.26165446639060974,0.797208538587849,18
1.4847490787506104,0.2828407224958949,1030
1.350690245628357,0.3031189083820663,519
0.4731939435005188,0.1889978213507625,471
1.923098087310791,0.4448717948717949,181
1.1131037473678589,0.1207729468599034,1549
0.3871108889579773,0.839506172839506,307
0.40073418617248535,0.17919389978213507,471
1.2943115234375,0.21366995073891626,469
1.642663598060608,0.1795977011494253,209
1.2762805223464966,0.20812807881773399,469
1.3190585374832153,0.5169230769230769,181
0.2569638788700104,0.791871921182266,18
0.1873677372932434,0.8024691358024691,307
1.0881719589233398,0.45902777777777776,171
1.2547179460525513,0.20238095238095236,469
1.4766902923583984,0.2653940886699507,1030
1.2658299207687378,0.4917948717948717,181
0.24342744052410126,0.7857142857142859,18
0.9897206425666809,0.46875,171
0.17164859175682068,0.6041666666666666,478
1.5922942161560059,0.20833333333333334,209
0.33848631381988525,0.19716775599128536,471
0.23437106609344482,0.797208538587849,18
0.15216666460037231,0.8333333333333334,307
1.199461579322815,0.21387520525451556,469
0.24738089740276337,0.17864923747276687,471
0.1387181282043457,0.6319444444444443,478
0.041243672370910645,0.18114035087719296,546
0.2343370020389557,0.16938997821350765,471
1.6294214725494385,0.24363711001642038,550
0.13100743293762207,0.6388888888888888,478
1.566023349761963,0.20258620689655174,209
1.5636454820632935,0.18534482758620688,209
0.10746502876281738,0.8765432098765432,307
1.0841405391693115,0.5632183908045977,504
1.574479103088379,0.18513957307060755,209
1.4596083164215088,0.28920361247947457,1030
0.1713636964559555,0.18790849673202614,471
1.4421911239624023,0.27155172413793105,1030
1.3775126934051514,0.34990253411306044,519
0.0788675844669342,0.8703703703703702,307
1.5471794605255127,0.1849343185550082,209
0.0375247485935688,0.18114035087719296,546
0.0646185502409935,0.8765432098765432,307
1.533366084098816,0.17364532019704434,209
0.8535988926887512,0.13435990338164253,1549
0.14138880372047424,0.18845315904139434,471
0.23193107545375824,0.7916666666666669,18
0.1210748627781868,0.18845315904139434,471
0.11363822221755981,0.18845315904139434,471
1.4945995807647705,0.27155172413793105,1030
1.3568531274795532,0.32358674463937626,519
0.9161714911460876,0.5435897435897435,181
0.874275267124176,0.5820512820512821,181
1.0624737739562988,0.5172413793103449,504
0.24332204461097717,0.797208538587849,18
0.07542327791452408,0.882716049382716,307
0.7709971070289612,0.4576388888888889,171
0.2213977575302124,0.7976190476190478,18
1.4438034296035767,0.31198686371100165,1030
0.7182479500770569,0.4791666666666667,171
0.22911469638347626,0.80316091954023,18
0.6745699644088745,0.1627415458937198,1549
0.8176169991493225,0.5592307692307692,181
1.82160484790802,0.2660098522167488,550
0.21335019171237946,0.7857142857142859,18
0.7801043391227722,0.5853846153846154,181
0.5821722745895386,0.46875,171
1.3729945421218872,0.32212475633528265,519
1.1142522096633911,0.47126436781609193,504
0.2313789278268814,0.1982570806100218,471
1.6848235130310059,0.16748768472906403,209
0.4718053340911865,0.4680555555555555,171
0.12281505018472672,0.6319444444444444,478
1.65200674533844,0.19663382594417078,209
0.970113217830658,0.5517241379310345,504
1.3604304790496826,0.32163742690058483,519
1.6213070154190063,0.1795977011494253,550
0.6501166820526123,0.19825708061002179,471
0.2329455465078354,0.7857142857142859,18
1.6193572282791138,0.20792282430213463,209
1.6055500507354736,0.17364532019704434,550
0.0996389165520668,0.6319444444444444,478
0.8563048243522644,0.5285303776683087,504
0.33872732520103455,0.16884531590413945,471
0.6651735305786133,0.6130769230769232,181
1.4589872360229492,0.28920361247947457,1030
0.0543188638985157,0.18991228070175437,546
0.5016709566116333,0.14824879227053142,1549
1.5720735788345337,0.1915024630541872,550
0.13153965771198273,0.8765432098765432,307
1.595528483390808,0.2025862068965517,209
1.589333176612854,0.20853858784893267,209
1.4323087930679321,0.3113711001642036,1030
0.0921335369348526,0.638888888888889,478
0.4796023368835449,0.18845315904139434,471
0.41158750653266907,0.15579710144927536,1549
0.8059297204017639,0.6091954022988505,504
1.4307708740234375,0.31157635467980294,1030
0.3498454988002777,0.14190821256038647,1549
0.331575483083725,0.45694444444444443,171
1.197900414466858,0.20812807881773399,469
0.0564679391682148,0.17324561403508767,546
1.6221617460250854,0.22516420361247946,550
0.6173281669616699,0.5864102564102563,181
0.066329725086689,0.8765432098765432,307
0.07746143639087677,0.6319444444444444,478
1.548620581626892,0.19704433497536947,550
0.28279197216033936,0.45694444444444443,171
0.7891882658004761,0.6206896551724137,504
0.04120597988367081,0.9012345679012346,307
1.6048684120178223,0.19642857142857142,209
0.07072571665048599,0.6319444444444444,478
1.5065224170684814,0.19704433497536944,469
0.7238262295722961,0.6264367816091954,504
0.04220835492014885,0.9012345679012346,307
1.5286120176315308,0.21387520525451562,550
0.21743859350681305,0.4465277777777778,171
1.4293233156204224,0.2717569786535304,1030
0.5488119721412659,0.7635467980295566,18
0.05537160113453865,0.18114035087719296,546
0.03313400223851204,0.8950617283950617,307
1.4309669733047485,0.1847290640394089,469
0.25381338596343994,0.8089080459770116,18
1.369744896888733,0.32504873294346975,519
0.5635484457015991,0.6061538461538462,181
1.3560138940811157,0.3050682261208577,519
0.0180975329130888,0.18991228070175437,546
1.507591962814331,0.17939244663382595,550
1.3414543867111206,0.3036062378167641,519
